<?xml version = "1.0" encoding = "UTF-8"?>

<beans xmlns = "http://www.springframework.org/schema/beans"
       xmlns:xsi = "http://www.w3.org/2001/XMLSchema-instance"
       xmlns:context = "http://www.springframework.org/schema/context"
       xsi:schemaLocation = "http://www.springframework.org/schema/beans
   http://www.springframework.org/schema/beans/spring-beans-3.0.xsd
   http://www.springframework.org/schema/context
   http://www.springframework.org/schema/context/spring-context-3.0.xsd">

  <context:annotation-config></context:annotation-config>

<!--
<bean id="empp1" class="basic.Employee" scope="prototype">
    <property name="name" value="sajal"/>
    <property name="empID" value="0072"/>
    <property name="salary" value="100000"/>
    <property name="company" value="Don't Know"/>
    <property name="role" value="Don't Know"/>  </bean>
-->




    <!--<bean id="empp" class="basic.Employee" scope="singleton">
        <property name="name" value="sajal"/>
        <property name="empID" value="4687"/>
        <property name="salary" value="100000"/>
        <property name="company" value="TCS"/>
        <property name="role" value="Don't Know"/>

    </bean>
-->
    <!--  Constructor Injection-->
   <!-- <bean id="empp2" class="basic.Employee" >
        <constructor-arg  type="java.lang.Double" value="11.89"></constructor-arg>
        <constructor-arg  type="int" value="4999"></constructor-arg>
    </bean>-->

  <!-- <bean id="empp3" class="basic.Employee" >
        <constructor-arg  name="sal" value="11.89"></constructor-arg>
        <constructor-arg  name="id" value="4687"></constructor-arg>
       <constructor-arg name="nam" value="nucleus"></constructor-arg>
       <property name="add" ref="cusadd"></property>
    </bean>-->

    <!--<bean id="empp3" class="basic.Employee" autowire="byName">
        <constructor-arg  name="sal" value="11.89"></constructor-arg>
        <constructor-arg  name="id" value="4687"></constructor-arg>
        <constructor-arg name="nam" value="nucleus"></constructor-arg>

    </bean>
-->
    <!--<bean id="add" class="basic.Address">
        <property name="city">
            <list>
                <value>Bareilly</value>
                <value>Ponta Sahib</value>
            </list>

        </property>
        <property name="state">
            <map>
                <entry key="101" value="up"></entry>
                <entry key="102"  value="himachal"></entry>

            </map>
        </property>

    </bean>-->

    <bean id="add" class="basic.Address">
        <constructor-arg name="city">
            <list>
                <value>Bareilly</value>
                <value>Ponta Sahib</value>
            </list>

        </constructor-arg>
        <constructor-arg name="state">
            <map>
                <entry key="101" value="up"></entry>
                <entry key="102"  value="himachal"></entry>

            </map>
        </constructor-arg>

    </bean>

    <!--



     <bean id="cusadd" class="basic.Address">
         <property name="city">
             <list>
                 <value>Bareilly</value>
                 <value>Ponta Sahib</value>
             </list>

         </property>
         <property name="state">
             <map>
                 <entry key="101" value="up"></entry>
                 <entry key="102" value="himachal"></entry>
             </map>
         </property>
     </bean>-->
    <bean id="empp4" class="basic.Employee" >
        <constructor-arg value="SAJAL" ></constructor-arg>
        <constructor-arg value="4687"></constructor-arg>

    </bean>
    <bean id="present" class="mvc.Presentation">
        <property name="ser" ref="service"></property>

    </bean>
    <!--</bean>
    <bean id="ba" class="practice.B">
    </bean>
-->
        <bean id="b" class="practice.B">
        </bean>
    <bean id="a" class="practice.A" autowire="byType">

    </bean>

        <bean id="service" class="mvc.Service">
            <property name="d" ref="Dao"></property>
        </bean>
        <bean id="Dao" class="mvc.Dao"></bean>
        <!--<bean id="a" class="practice.A">
            <property name="b" ref="ba"></property>
        </bean>
    -->
  <!--  <bean id="present" class="mvc.Presentation" autowire="byType"></bean>

    <bean id="service" class="mvc.Service" autowire="byName"></bean>
    <bean id="dao" class="mvc.Dao"></bean> -->

</beans>
    <!--Constructor Injection
        <bean id="emp1" class="com.example.basic.Employee">
            <constructor-arg value="12"></constructor-arg>
            <constructor-arg value="4444"></constructor-arg>
        </bean>

        Constructor and Setter both
        <bean id="emp3" class="com.example.basic.Employee">
            <constructor-arg value="Amit" ></constructor-arg>
            <constructor-arg value="12"></constructor-arg>
            <constructor-arg value="40000"></constructor-arg>
            <property name="empId" value="101"></property>
        </bean>-->
